<?xml version="1.0" encoding="UTF-8"?>

<!--
  ~ JBoss, Home of Professional Open Source.
  ~ Copyright 2011, Red Hat, Inc., and individual contributors
  ~ as indicated by the @author tags. See the copyright.txt file in the
  ~ distribution for a full listing of individual contributors.
  ~
  ~ This is free software; you can redistribute it and/or modify it
  ~ under the terms of the GNU Lesser General Public License as
  ~ published by the Free Software Foundation; either version 2.1 of
  ~ the License, or (at your option) any later version.
  ~
  ~ This software is distributed in the hope that it will be useful,
  ~ but WITHOUT ANY WARRANTY; without even the implied warranty of
  ~ MERCHANTABILITY or FITNESS FOR A PARTICULAR PURPOSE. See the GNU
  ~ Lesser General Public License for more details.
  ~
  ~ You should have received a copy of the GNU Lesser General Public
  ~ License along with this software; if not, write to the Free
  ~ Software Foundation, Inc., 51 Franklin St, Fifth Floor, Boston, MA
  ~ 02110-1301 USA, or see the FSF site: http://www.fsf.org.
  -->

<!-- Represents the Hibernate 4.3.x module-->
<module xmlns="urn:jboss:module:1.3" name="org.springframework.spring-data-commons">
    <resources>
		<resource-root path="spring-data-commons-1.10.1.RELEASE.jar"/>
    </resources>

    <dependencies>
	    <module name="javaee.api"/>
	    <module name="org.apache.commons.logging"/>
	    <module name="org.jboss.vfs"/>
	    <module name="org.hibernate"/>
		<module name="org.springframework"/>
		<module name="org.mongodb.mongo-java-driver"/>
		<module name="org.mongodb.bson"/>
	    <module name="javax.el.api" export="true"/>
	    <module name="com.sun.xml.bind" export="true"/>
	</dependencies>
</module>
